x,y,area_px,cell_type
1026,19,1999,TC
1263,39,1320,TC
1353,47,1689,TC
1284,97,1009,TC
725,120,2737,TC
862,145,1417,TC
839,195,1126,TC
1226,248,4446,TC
1166,291,1184,TC
1792,348,1087,TC
1132,337,1126,TC
1247,341,1650,TC
1213,379,1009,TC
1190,406,3591,TC
1819,414,1009,TC
397,447,1145,TC
1300,460,2213,TC
1338,487,1164,TC
1375,548,2970,TC
614,543,1689,TC
1296,547,1572,TC
673,543,1281,TC
719,542,990,TC
1518,545,1126,TC
556,548,1592,TC
1528,579,1261,TC
808,633,2368,TC
1333,662,1223,TC
337,651,1067,TC
866,652,1067,TC
616,672,1553,TC
699,690,1533,TC
1255,696,3591,TC
805,711,1494,TC
1107,722,1397,TC
858,732,1164,TC
1051,718,1378,TC
1880,836,1164,TC
1151,835,1028,TC
407,921,3902,TC
1216,1107,1223,TC
742,1224,2213,TC
830,1246,2854,TC
879,1283,1727,TC
1013,1290,1009,TC
1181,1364,1106,TC
989,29,291,LC
964,55,116,LC
1124,56,135,LC
1545,125,232,LC
937,126,194,LC
1175,129,194,LC
764,140,135,LC
696,144,135,LC
652,164,291,LC
1327,151,116,LC
1024,186,291,LC
1495,241,291,LC
1054,234,174,LC
1437,251,116,LC
1195,256,271,LC
1285,261,291,LC
1075,275,213,LC
1440,269,174,LC
1730,260,116,LC
1335,284,174,LC
1627,286,291,LC
763,314,291,LC
1042,313,232,LC
1169,346,155,LC
440,373,232,LC
581,378,174,LC
1575,384,291,LC
1734,397,174,LC
1825,388,194,LC
889,430,232,LC
976,425,271,LC
1530,431,155,LC
1451,465,271,LC
382,488,213,LC
578,486,155,LC
1762,533,232,LC
819,557,116,LC
873,557,174,LC
1878,556,116,LC
1580,618,135,LC
524,627,116,LC
1181,638,116,LC
783,652,155,LC
1295,652,174,LC
656,658,116,LC
1535,677,135,LC
930,716,271,LC
658,764,252,LC
788,768,252,LC
348,789,116,LC
1041,792,291,LC
1079,814,213,LC
1460,826,155,LC
1179,829,232,LC
1719,846,116,LC
1395,855,213,LC
504,863,291,LC
671,865,116,LC
1873,880,252,LC
381,896,116,LC
1487,902,135,LC
508,951,135,LC
910,958,174,LC
1288,980,155,LC
1588,989,155,LC
1168,992,155,LC
1792,992,271,LC
628,1010,291,LC
911,1010,194,LC
1686,1039,194,LC
1740,1033,213,LC
1814,1035,116,LC
921,1052,213,LC
1038,1062,135,LC
647,1075,252,LC
614,1080,194,LC
1304,1094,271,LC
851,1098,271,LC
1741,1091,271,LC
454,1133,232,LC
806,1144,213,LC
1087,1146,135,LC
1196,1163,213,LC
508,1187,194,LC
1179,1209,194,LC
1230,1234,116,LC
942,1245,271,LC
990,1270,252,LC
1480,1270,174,LC
958,1315,213,LC
1369,1331,194,LC
1137,1370,116,LC
962,1381,252,LC
841,0,,ST
929,0,,ST
1150,0,,ST
1317,0,,ST
1405,0,,ST
920,4,,ST
1145,4,,ST
1379,4,,ST
894,8,,ST
1119,8,,ST
1207,8,,ST
912,13,,ST
1136,13,,ST
841,17,,ST
929,17,,ST
1154,17,,ST
868,22,,ST
956,22,,ST
1180,22,,ST
890,26,,ST
1114,26,,ST
1418,26,,ST
916,30,,ST
1141,30,,ST
850,35,,ST
938,35,,ST
1163,35,,ST
868,39,,ST
1101,39,,ST
1189,39,,ST
885,44,,ST
1158,44,,ST
828,48,,ST
916,48,,ST
1185,48,,ST
837,52,,ST
925,52,,ST
1194,52,,ST
819,57,,ST
907,57,,ST
1172,57,,ST
788,61,,ST
876,61,,ST
1097,61,,ST
1445,61,,ST
837,66,,ST
925,66,,ST
1167,66,,ST
1476,66,,ST
863,70,,ST
951,70,,ST
1097,70,,ST
1436,70,,ST
819,74,,ST
907,74,,ST
1013,74,,ST
1101,74,,ST
1427,74,,ST
810,79,,ST
898,79,,ST
991,79,,ST
1079,79,,ST
1172,79,,ST
1471,79,,ST
841,83,,ST
929,83,,ST
1017,83,,ST
1105,83,,ST
1194,83,,ST
1480,83,,ST
846,88,,ST
934,88,,ST
1022,88,,ST
1110,88,,ST
1198,88,,ST
1454,88,,ST
806,92,,ST
956,92,,ST
1044,92,,ST
1132,92,,ST
1220,92,,ST
1471,92,,ST
810,96,,ST
969,96,,ST
1057,96,,ST
1145,96,,ST
1233,96,,ST
1484,96,,ST
801,101,,ST
964,101,,ST
1053,101,,ST
1141,101,,ST
1229,101,,ST
1467,101,,ST
1555,101,,ST
925,105,,ST
1013,105,,ST
1101,105,,ST
1189,105,,ST
1401,105,,ST
1489,105,,ST
1577,105,,ST
951,110,,ST
1039,110,,ST
1128,110,,ST
1216,110,,ST
1405,110,,ST
1493,110,,ST
964,114,,ST
1053,114,,ST
1141,114,,ST
1365,114,,ST
1454,114,,ST
1586,114,,ST
1013,118,,ST
1101,118,,ST
1229,118,,ST
1414,118,,ST
1502,118,,ST
815,123,,ST
1048,123,,ST
1136,123,,ST
1365,123,,ST
1454,123,,ST
1586,123,,ST
991,127,,ST
1079,127,,ST
1211,127,,ST
1392,127,,ST
1480,127,,ST
1797,127,,ST
1009,132,,ST
1097,132,,ST
1229,132,,ST
1410,132,,ST
1498,132,,ST
1819,132,,ST
1026,136,,ST
1114,136,,ST
1357,136,,ST
1445,136,,ST
1577,136,,ST
982,141,,ST
1070,141,,ST
1158,141,,ST
1401,141,,ST
1489,141,,ST
797,145,,ST
1009,145,,ST
1097,145,,ST
1220,145,,ST
1423,145,,ST
1511,145,,ST
801,149,,ST
995,149,,ST
1083,149,,ST
1194,149,,ST
1396,149,,ST
1484,149,,ST
1590,149,,ST
925,154,,ST
1013,154,,ST
1101,154,,ST
1198,154,,ST
1379,154,,ST
1467,154,,ST
1559,154,,ST
1647,154,,ST
991,158,,ST
1079,158,,ST
1167,158,,ST
1255,158,,ST
1396,158,,ST
1484,158,,ST
1573,158,,ST
1661,158,,ST
987,163,,ST
1075,163,,ST
1163,163,,ST
1251,163,,ST
1379,163,,ST
1467,163,,ST
1555,163,,ST
1643,163,,ST
969,167,,ST
1088,167,,ST
1242,167,,ST
1357,167,,ST
1445,167,,ST
1533,167,,ST
1621,167,,ST
920,171,,ST
1048,171,,ST
1136,171,,ST
1304,171,,ST
1405,171,,ST
1493,171,,ST
1581,171,,ST
1669,171,,ST
942,176,,ST
1075,176,,ST
1242,176,,ST
1330,176,,ST
1418,176,,ST
1506,176,,ST
1595,176,,ST
678,180,,ST
925,180,,ST
1057,180,,ST
1145,180,,ST
1330,180,,ST
1418,180,,ST
1506,180,,ST
1595,180,,ST
616,185,,ST
740,185,,ST
956,185,,ST
1088,185,,ST
1273,185,,ST
1361,185,,ST
1449,185,,ST
1537,185,,ST
1625,185,,ST
634,189,,ST
740,189,,ST
956,189,,ST
1088,189,,ST
1277,189,,ST
1365,189,,ST
1454,189,,ST
1542,189,,ST
1630,189,,ST
625,193,,ST
713,193,,ST
934,193,,ST
1066,193,,ST
1273,193,,ST
1361,193,,ST
1449,193,,ST
1537,193,,ST
1625,193,,ST
616,198,,ST
705,198,,ST
925,198,,ST
1057,198,,ST
1145,198,,ST
1365,198,,ST
1454,198,,ST
1542,198,,ST
1630,198,,ST
612,202,,ST
700,202,,ST
920,202,,ST
1053,202,,ST
1141,202,,ST
1361,202,,ST
1449,202,,ST
1537,202,,ST
1625,202,,ST
608,207,,ST
696,207,,ST
916,207,,ST
1004,207,,ST
1123,207,,ST
1348,207,,ST
1436,207,,ST
1524,207,,ST
1612,207,,ST
586,211,,ST
674,211,,ST
762,211,,ST
982,211,,ST
1088,211,,ST
1313,211,,ST
1401,211,,ST
1489,211,,ST
1577,211,,ST
1665,211,,ST
638,215,,ST
727,215,,ST
942,215,,ST
1031,215,,ST
1119,215,,ST
1348,215,,ST
1436,215,,ST
1524,215,,ST
1612,215,,ST
1700,215,,ST
656,220,,ST
744,220,,ST
956,220,,ST
1083,220,,ST
1313,220,,ST
1401,220,,ST
1489,220,,ST
1577,220,,ST
1665,220,,ST
612,224,,ST
700,224,,ST
912,224,,ST
1000,224,,ST
1128,224,,ST
1357,224,,ST
1445,224,,ST
1568,224,,ST
1656,224,,ST
594,229,,ST
682,229,,ST
771,229,,ST
964,229,,ST
1097,229,,ST
1321,229,,ST
1410,229,,ST
1542,229,,ST
1630,229,,ST
1718,229,,ST
656,233,,ST
744,233,,ST
925,233,,ST
1013,233,,ST
1145,233,,ST
1365,233,,ST
1454,233,,ST
1586,233,,ST
1674,233,,ST
603,237,,ST
691,237,,ST
779,237,,ST
938,237,,ST
1026,237,,ST
1317,237,,ST
1405,237,,ST
1568,237,,ST
1656,237,,ST
586,242,,ST
674,242,,ST
762,242,,ST
850,242,,ST
969,242,,ST
1101,242,,ST
1357,242,,ST
1528,242,,ST
1617,242,,ST
1705,242,,ST
625,246,,ST
713,246,,ST
801,246,,ST
894,246,,ST
982,246,,ST
1114,246,,ST
1396,246,,ST
1568,246,,ST
1656,246,,ST
581,251,,ST
669,251,,ST
757,251,,ST
846,251,,ST
934,251,,ST
1022,251,,ST
1339,251,,ST
1467,251,,ST
1599,251,,ST
1687,251,,ST
603,255,,ST
691,255,,ST
779,255,,ST
868,255,,ST
956,255,,ST
1044,255,,ST
1348,255,,ST
1524,255,,ST
1612,255,,ST
1700,255,,ST
603,259,,ST
691,259,,ST
779,259,,ST
868,259,,ST
956,259,,ST
1044,259,,ST
1365,259,,ST
1533,259,,ST
1621,259,,ST
1709,259,,ST
603,264,,ST
691,264,,ST
779,264,,ST
868,264,,ST
956,264,,ST
1044,264,,ST
1374,264,,ST
1524,264,,ST
1612,264,,ST
1700,264,,ST
590,268,,ST
678,268,,ST
766,268,,ST
854,268,,ST
942,268,,ST
1031,268,,ST
1396,268,,ST
1528,268,,ST
1647,268,,ST
533,273,,ST
621,273,,ST
709,273,,ST
797,273,,ST
885,273,,ST
973,273,,ST
1110,273,,ST
1480,273,,ST
1568,273,,ST
1705,273,,ST
577,277,,ST
665,277,,ST
753,277,,ST
841,277,,ST
929,277,,ST
1017,277,,ST
1396,277,,ST
1524,277,,ST
1661,277,,ST
511,282,,ST
599,282,,ST
687,282,,ST
775,282,,ST
863,282,,ST
951,282,,ST
1039,282,,ST
1418,282,,ST
1546,282,,ST
1683,282,,ST
511,286,,ST
599,286,,ST
687,286,,ST
775,286,,ST
863,286,,ST
951,286,,ST
1039,286,,ST
1414,286,,ST
1537,286,,ST
1674,286,,ST
1762,286,,ST
572,290,,ST
660,290,,ST
749,290,,ST
837,290,,ST
925,290,,ST
1013,290,,ST
1396,290,,ST
1506,290,,ST
1595,290,,ST
1731,290,,ST
537,295,,ST
625,295,,ST
713,295,,ST
801,295,,ST
890,295,,ST
978,295,,ST
1066,295,,ST
1440,295,,ST
1533,295,,ST
1665,295,,ST
1753,295,,ST
559,299,,ST
647,299,,ST
735,299,,ST
863,299,,ST
951,299,,ST
1357,299,,ST
1445,299,,ST
1533,299,,ST
1661,299,,ST
1749,299,,ST
546,304,,ST
634,304,,ST
722,304,,ST
859,304,,ST
947,304,,ST
1083,304,,ST
1432,304,,ST
1520,304,,ST
1608,304,,ST
1731,304,,ST
524,308,,ST
612,308,,ST
700,308,,ST
837,308,,ST
925,308,,ST
1013,308,,ST
1396,308,,ST
1484,308,,ST
1573,308,,ST
1683,308,,ST
471,312,,ST
559,312,,ST
647,312,,ST
735,312,,ST
872,312,,ST
960,312,,ST
1335,312,,ST
1423,312,,ST
1511,312,,ST
1599,312,,ST
1696,312,,ST
475,317,,ST
564,317,,ST
652,317,,ST
740,317,,ST
876,317,,ST
964,317,,ST
1335,317,,ST
1423,317,,ST
1511,317,,ST
1599,317,,ST
1687,317,,ST
471,321,,ST
559,321,,ST
647,321,,ST
735,321,,ST
872,321,,ST
960,321,,ST
1330,321,,ST
1418,321,,ST
1506,321,,ST
1595,321,,ST
1683,321,,ST
462,326,,ST
550,326,,ST
638,326,,ST
727,326,,ST
859,326,,ST
947,326,,ST
1313,326,,ST
1401,326,,ST
1489,326,,ST
1577,326,,ST
1665,326,,ST
445,330,,ST
533,330,,ST
621,330,,ST
709,330,,ST
837,330,,ST
925,330,,ST
1013,330,,ST
1365,330,,ST
1454,330,,ST
1542,330,,ST
1630,330,,ST
1718,330,,ST
497,334,,ST
586,334,,ST
674,334,,ST
788,334,,ST
876,334,,ST
964,334,,ST
1075,334,,ST
1392,334,,ST
1480,334,,ST
1568,334,,ST
1656,334,,ST
1744,334,,ST
524,339,,ST
612,339,,ST
700,339,,ST
801,339,,ST
890,339,,ST
978,339,,ST
1066,339,,ST
1383,339,,ST
1471,339,,ST
1559,339,,ST
1647,339,,ST
1736,339,,ST
511,343,,ST
599,343,,ST
687,343,,ST
775,343,,ST
863,343,,ST
951,343,,ST
1039,343,,ST
1357,343,,ST
1445,343,,ST
1533,343,,ST
1621,343,,ST
1709,343,,ST
484,348,,ST
572,348,,ST
660,348,,ST
749,348,,ST
837,348,,ST
925,348,,ST
1013,348,,ST
1326,348,,ST
1414,348,,ST
1502,348,,ST
1590,348,,ST
1678,348,,ST
449,352,,ST
537,352,,ST
625,352,,ST
713,352,,ST
801,352,,ST
890,352,,ST
978,352,,ST
1066,352,,ST
1379,352,,ST
1467,352,,ST
1555,352,,ST
1643,352,,ST
1731,352,,ST
533,356,,ST
621,356,,ST
709,356,,ST
797,356,,ST
885,356,,ST
973,356,,ST
1061,356,,ST
1374,356,,ST
1462,356,,ST
1551,356,,ST
1639,356,,ST
1727,356,,ST
537,361,,ST
625,361,,ST
713,361,,ST
801,361,,ST
890,361,,ST
978,361,,ST
1066,361,,ST
1374,361,,ST
1462,361,,ST
1551,361,,ST
1639,361,,ST
1727,361,,ST
537,365,,ST
660,365,,ST
749,365,,ST
837,365,,ST
925,365,,ST
1013,365,,ST
1321,365,,ST
1410,365,,ST
1498,365,,ST
1586,365,,ST
1674,365,,ST
484,370,,ST
621,370,,ST
709,370,,ST
797,370,,ST
885,370,,ST
973,370,,ST
1061,370,,ST
1365,370,,ST
1454,370,,ST
1542,370,,ST
1669,370,,ST
475,374,,ST
612,374,,ST
700,374,,ST
788,374,,ST
876,374,,ST
964,374,,ST
1053,374,,ST
1343,374,,ST
1432,374,,ST
1520,374,,ST
1661,374,,ST
414,378,,ST
550,378,,ST
687,378,,ST
775,378,,ST
863,378,,ST
951,378,,ST
1039,378,,ST
1313,378,,ST
1401,378,,ST
1489,378,,ST
1630,378,,ST
1718,378,,ST
506,383,,ST
643,383,,ST
731,383,,ST
819,383,,ST
907,383,,ST
995,383,,ST
1083,383,,ST
1343,383,,ST
1432,383,,ST
1520,383,,ST
1661,383,,ST
475,387,,ST
612,387,,ST
700,387,,ST
788,387,,ST
876,387,,ST
964,387,,ST
1053,387,,ST
1308,387,,ST
1396,387,,ST
1484,387,,ST
1625,387,,ST
1714,387,,ST
515,392,,ST
638,392,,ST
727,392,,ST
815,392,,ST
903,392,,ST
991,392,,ST
1079,392,,ST
1330,392,,ST
1418,392,,ST
1506,392,,ST
1647,392,,ST
405,396,,ST
511,396,,ST
621,396,,ST
709,396,,ST
797,396,,ST
885,396,,ST
973,396,,ST
1061,396,,ST
1313,396,,ST
1401,396,,ST
1489,396,,ST
1625,396,,ST
1714,396,,ST
502,400,,ST
599,400,,ST
687,400,,ST
775,400,,ST
863,400,,ST
951,400,,ST
1039,400,,ST
1286,400,,ST
1374,400,,ST
1462,400,,ST
1551,400,,ST
1674,400,,ST
475,405,,ST
564,405,,ST
652,405,,ST
740,405,,ST
828,405,,ST
916,405,,ST
1004,405,,ST
1092,405,,ST
1392,405,,ST
1480,405,,ST
1590,405,,ST
1678,405,,ST
480,409,,ST
568,409,,ST
656,409,,ST
744,409,,ST
832,409,,ST
920,409,,ST
1009,409,,ST
1097,409,,ST
1396,409,,ST
1484,409,,ST
1573,409,,ST
1665,409,,ST
462,414,,ST
550,414,,ST
638,414,,ST
727,414,,ST
815,414,,ST
934,414,,ST
1079,414,,ST
1401,414,,ST
1489,414,,ST
1608,414,,ST
1696,414,,ST
484,418,,ST
572,418,,ST
660,418,,ST
749,418,,ST
837,418,,ST
1026,418,,ST
1114,418,,ST
1436,418,,ST
1559,418,,ST
1647,418,,ST
1749,418,,ST
511,423,,ST
599,423,,ST
687,423,,ST
775,423,,ST
863,423,,ST
1066,423,,ST
1392,423,,ST
1480,423,,ST
1603,423,,ST
1692,423,,ST
458,427,,ST
546,427,,ST
634,427,,ST
722,427,,ST
810,427,,ST
1013,427,,ST
1101,427,,ST
1418,427,,ST
1506,427,,ST
1630,427,,ST
1718,427,,ST
484,431,,ST
572,431,,ST
660,431,,ST
749,431,,ST
837,431,,ST
1039,431,,ST
1128,431,,ST
1445,431,,ST
1568,431,,ST
1656,431,,ST
1744,431,,ST
511,436,,ST
599,436,,ST
687,436,,ST
775,436,,ST
863,436,,ST
1061,436,,ST
1379,436,,ST
1467,436,,ST
1590,436,,ST
1678,436,,ST
1766,436,,ST
537,440,,ST
625,440,,ST
713,440,,ST
801,440,,ST
942,440,,ST
1075,440,,ST
1410,440,,ST
1498,440,,ST
1621,440,,ST
1709,440,,ST
480,445,,ST
568,445,,ST
656,445,,ST
744,445,,ST
832,445,,ST
973,445,,ST
1079,445,,ST
1405,445,,ST
1559,445,,ST
1647,445,,ST
1736,445,,ST
506,449,,ST
594,449,,ST
682,449,,ST
771,449,,ST
859,449,,ST
978,449,,ST
1070,449,,ST
1396,449,,ST
1555,449,,ST
1643,449,,ST
1731,449,,ST
493,453,,ST
581,453,,ST
669,453,,ST
757,453,,ST
846,453,,ST
942,453,,ST
1031,453,,ST
1119,453,,ST
1480,453,,ST
1586,453,,ST
1674,453,,ST
1762,453,,ST
502,458,,ST
590,458,,ST
678,458,,ST
766,458,,ST
854,458,,ST
942,458,,ST
1031,458,,ST
1119,458,,ST
1432,458,,ST
1564,458,,ST
1652,458,,ST
1740,458,,ST
458,462,,ST
546,462,,ST
634,462,,ST
722,462,,ST
810,462,,ST
898,462,,ST
987,462,,ST
1075,462,,ST
1163,462,,ST
1515,462,,ST
1603,462,,ST
1692,462,,ST
1780,462,,ST
462,467,,ST
550,467,,ST
638,467,,ST
727,467,,ST
815,467,,ST
903,467,,ST
991,467,,ST
1079,467,,ST
1167,467,,ST
1511,467,,ST
1599,467,,ST
1687,467,,ST
1775,467,,ST
330,471,,ST
515,471,,ST
603,471,,ST
691,471,,ST
779,471,,ST
868,471,,ST
956,471,,ST
1044,471,,ST
1132,471,,ST
1427,471,,ST
1559,471,,ST
1647,471,,ST
1736,471,,ST
1824,471,,ST
471,475,,ST
608,475,,ST
696,475,,ST
784,475,,ST
872,475,,ST
960,475,,ST
1048,475,,ST
1136,475,,ST
1427,475,,ST
1559,475,,ST
1647,475,,ST
1736,475,,ST
1824,475,,ST
458,480,,ST
546,480,,ST
682,480,,ST
771,480,,ST
859,480,,ST
947,480,,ST
1035,480,,ST
1123,480,,ST
1242,480,,ST
1564,480,,ST
1652,480,,ST
1740,480,,ST
1828,480,,ST
458,484,,ST
546,484,,ST
682,484,,ST
771,484,,ST
859,484,,ST
947,484,,ST
1035,484,,ST
1123,484,,ST
1211,484,,ST
1537,484,,ST
1625,484,,ST
1714,484,,ST
1802,484,,ST
352,489,,ST
511,489,,ST
647,489,,ST
735,489,,ST
823,489,,ST
912,489,,ST
1000,489,,ST
1088,489,,ST
1176,489,,ST
1480,489,,ST
1568,489,,ST
1656,489,,ST
1744,489,,ST
1833,489,,ST
453,493,,ST
541,493,,ST
678,493,,ST
766,493,,ST
854,493,,ST
942,493,,ST
1031,493,,ST
1119,493,,ST
1207,493,,ST
1498,493,,ST
1586,493,,ST
1674,493,,ST
1762,493,,ST
1850,493,,ST
453,497,,ST
634,497,,ST
779,497,,ST
868,497,,ST
956,497,,ST
1044,497,,ST
1132,497,,ST
1220,497,,ST
1502,497,,ST
1590,497,,ST
1678,497,,ST
1766,497,,ST
1855,497,,ST
449,502,,ST
775,502,,ST
863,502,,ST
951,502,,ST
1039,502,,ST
1128,502,,ST
1216,502,,ST
1559,502,,ST
1647,502,,ST
1736,502,,ST
1824,502,,ST
405,506,,ST
493,506,,ST
819,506,,ST
907,506,,ST
995,506,,ST
1083,506,,ST
1172,506,,ST
1462,506,,ST
1634,506,,ST
1722,506,,ST
1810,506,,ST
361,511,,ST
462,511,,ST
797,511,,ST
885,511,,ST
973,511,,ST
1061,511,,ST
1150,511,,ST
1238,511,,ST
1617,511,,ST
1705,511,,ST
1793,511,,ST
343,515,,ST
431,515,,ST
771,515,,ST
859,515,,ST
947,515,,ST
1035,515,,ST
1123,515,,ST
1211,515,,ST
1590,515,,ST
1678,515,,ST
1766,515,,ST
1855,515,,ST
400,519,,ST
489,519,,ST
841,519,,ST
929,519,,ST
1017,519,,ST
1105,519,,ST
1194,519,,ST
1581,519,,ST
1669,519,,ST
1802,519,,ST
348,524,,ST
436,524,,ST
788,524,,ST
876,524,,ST
964,524,,ST
1053,524,,ST
1141,524,,ST
1229,524,,ST
1634,524,,ST
1722,524,,ST
1859,524,,ST
405,528,,ST
493,528,,ST
850,528,,ST
938,528,,ST
1026,528,,ST
1114,528,,ST
1202,528,,ST
1612,528,,ST
1700,528,,ST
1837,528,,ST
383,533,,ST
471,533,,ST
828,533,,ST
916,533,,ST
1004,533,,ST
1092,533,,ST
1180,533,,ST
1590,533,,ST
1678,533,,ST
1815,533,,ST
356,537,,ST
445,537,,ST
806,537,,ST
894,537,,ST
982,537,,ST
1070,537,,ST
1158,537,,ST
1246,537,,ST
1661,537,,ST
1797,537,,ST
1885,537,,ST
423,541,,ST
784,541,,ST
872,541,,ST
960,541,,ST
1048,541,,ST
1136,541,,ST
1224,541,,ST
1634,541,,ST
1722,541,,ST
1859,541,,ST
392,546,,ST
480,546,,ST
929,546,,ST
1017,546,,ST
1105,546,,ST
1194,546,,ST
1608,546,,ST
1696,546,,ST
1828,546,,ST
387,550,,ST
475,550,,ST
929,550,,ST
1017,550,,ST
1105,550,,ST
1194,550,,ST
1603,550,,ST
1692,550,,ST
1810,550,,ST
370,555,,ST
458,555,,ST
912,555,,ST
1000,555,,ST
1088,555,,ST
1176,555,,ST
1458,555,,ST
1674,555,,ST
1780,555,,ST
334,559,,ST
423,559,,ST
784,559,,ST
964,559,,ST
1053,559,,ST
1141,559,,ST
1229,559,,ST
1634,559,,ST
1722,559,,ST
1810,559,,ST
365,564,,ST
453,564,,ST
934,564,,ST
1022,564,,ST
1110,564,,ST
1198,564,,ST
1595,564,,ST
1683,564,,ST
1771,564,,ST
1859,564,,ST
409,568,,ST
497,568,,ST
969,568,,ST
1057,568,,ST
1145,568,,ST
1233,568,,ST
1621,568,,ST
1709,568,,ST
1797,568,,ST
348,572,,ST
436,572,,ST
854,572,,ST
973,572,,ST
1061,572,,ST
1150,572,,ST
1238,572,,ST
1621,572,,ST
1709,572,,ST
1797,572,,ST
330,577,,ST
418,577,,ST
832,577,,ST
938,577,,ST
1026,577,,ST
1114,577,,ST
1202,577,,ST
1458,577,,ST
1674,577,,ST
1762,577,,ST
1850,577,,ST
365,581,,ST
453,581,,ST
876,581,,ST
964,581,,ST
1053,581,,ST
1141,581,,ST
1229,581,,ST
1608,581,,ST
1696,581,,ST
1784,581,,ST
1872,581,,ST
365,586,,ST
453,586,,ST
876,586,,ST
964,586,,ST
1053,586,,ST
1141,586,,ST
1229,586,,ST
1586,586,,ST
1674,586,,ST
1762,586,,ST
1850,586,,ST
57,590,,ST
392,590,,ST
480,590,,ST
885,590,,ST
973,590,,ST
1061,590,,ST
1150,590,,ST
1238,590,,ST
1471,590,,ST
1665,590,,ST
1753,590,,ST
1841,590,,ST
35,594,,ST
348,594,,ST
436,594,,ST
599,594,,ST
757,594,,ST
934,594,,ST
1022,594,,ST
1110,594,,ST
1198,594,,ST
1423,594,,ST
1612,594,,ST
1700,594,,ST
1788,594,,ST
1877,594,,ST
61,599,,ST
370,599,,ST
458,599,,ST
608,599,,ST
696,599,,ST
885,599,,ST
973,599,,ST
1061,599,,ST
1150,599,,ST
1238,599,,ST
1462,599,,ST
1652,599,,ST
1740,599,,ST
1828,599,,ST
13,603,,ST
321,603,,ST
409,603,,ST
497,603,,ST
621,603,,ST
709,603,,ST
898,603,,ST
987,603,,ST
1075,603,,ST
1163,603,,ST
1251,603,,ST
1467,603,,ST
1678,603,,ST
1766,603,,ST
1855,603,,ST
39,608,,ST
405,608,,ST
493,608,,ST
590,608,,ST
678,608,,ST
872,608,,ST
960,608,,ST
1048,608,,ST
1136,608,,ST
1224,608,,ST
1436,608,,ST
1652,608,,ST
1740,608,,ST
1828,608,,ST
8,612,,ST
392,612,,ST
480,612,,ST
568,612,,ST
656,612,,ST
744,612,,ST
942,612,,ST
1031,612,,ST
1119,612,,ST
1207,612,,ST
1418,612,,ST
1634,612,,ST
1722,612,,ST
1810,612,,ST
1899,612,,ST
79,616,,ST
462,616,,ST
590,616,,ST
678,616,,ST
938,616,,ST
1026,616,,ST
1114,616,,ST
1202,616,,ST
1401,616,,ST
1617,616,,ST
1705,616,,ST
1793,616,,ST
1881,616,,ST
57,621,,ST
445,621,,ST
572,621,,ST
660,621,,ST
749,621,,ST
1009,621,,ST
1097,621,,ST
1185,621,,ST
1273,621,,ST
1462,621,,ST
1678,621,,ST
1766,621,,ST
1855,621,,ST
30,625,,ST
418,625,,ST
506,625,,ST
727,625,,ST
991,625,,ST
1079,625,,ST
1167,625,,ST
1392,625,,ST
1555,625,,ST
1687,625,,ST
1775,625,,ST
1863,625,,ST
35,630,,ST
427,630,,ST
555,630,,ST
740,630,,ST
1004,630,,ST
1092,630,,ST
1220,630,,ST
1410,630,,ST
1546,630,,ST
1678,630,,ST
1766,630,,ST
1855,630,,ST
26,634,,ST
418,634,,ST
506,634,,ST
740,634,,ST
1009,634,,ST
1097,634,,ST
1224,634,,ST
1418,634,,ST
1520,634,,ST
1639,634,,ST
1727,634,,ST
1815,634,,ST
1903,634,,ST
70,638,,ST
462,638,,ST
696,638,,ST
964,638,,ST
1053,638,,ST
1141,638,,ST
1392,638,,ST
1480,638,,ST
1568,638,,ST
1669,638,,ST
1758,638,,ST
1846,638,,ST
13,643,,ST
405,643,,ST
493,643,,ST
757,643,,ST
1026,643,,ST
1114,643,,ST
1242,643,,ST
1454,643,,ST
1542,643,,ST
1630,643,,ST
1718,643,,ST
1806,643,,ST
1894,643,,ST
61,647,,ST
449,647,,ST
550,647,,ST
973,647,,ST
1061,647,,ST
1150,647,,ST
1414,647,,ST
1502,647,,ST
1590,647,,ST
1678,647,,ST
1766,647,,ST
1855,647,,ST
22,652,,ST
409,652,,ST
497,652,,ST
749,652,,ST
1017,652,,ST
1105,652,,ST
1414,652,,ST
1502,652,,ST
1590,652,,ST
1678,652,,ST
1766,652,,ST
1855,652,,ST
22,656,,ST
405,656,,ST
493,656,,ST
749,656,,ST
1017,656,,ST
1105,656,,ST
1405,656,,ST
1493,656,,ST
1581,656,,ST
1669,656,,ST
1758,656,,ST
1846,656,,ST
13,660,,ST
101,660,,ST
480,660,,ST
749,660,,ST
1017,660,,ST
1105,660,,ST
1396,660,,ST
1484,660,,ST
1573,660,,ST
1661,660,,ST
1749,660,,ST
1837,660,,ST
0,665,,ST
88,665,,ST
467,665,,ST
555,665,,ST
1009,665,,ST
1097,665,,ST
1185,665,,ST
1476,665,,ST
1599,665,,ST
1687,665,,ST
1775,665,,ST
1863,665,,ST
26,669,,ST
405,669,,ST
493,669,,ST
947,669,,ST
1035,669,,ST
1123,669,,ST
1418,669,,ST
1506,669,,ST
1639,669,,ST
1727,669,,ST
1815,669,,ST
1903,669,,ST
66,674,,ST
449,674,,ST
537,674,,ST
1000,674,,ST
1414,674,,ST
1502,674,,ST
1634,674,,ST
1722,674,,ST
1810,674,,ST
1899,674,,ST
61,678,,ST
449,678,,ST
537,678,,ST
995,678,,ST
1436,678,,ST
1568,678,,ST
1656,678,,ST
1744,678,,ST
1833,678,,ST
1921,678,,ST
374,682,,ST
462,682,,ST
550,682,,ST
1158,682,,ST
1449,682,,ST
1581,682,,ST
1669,682,,ST
1758,682,,ST
1846,682,,ST
8,687,,ST
387,687,,ST
475,687,,ST
929,687,,ST
1172,687,,ST
1462,687,,ST
1595,687,,ST
1683,687,,ST
1771,687,,ST
1859,687,,ST
22,691,,ST
396,691,,ST
484,691,,ST
925,691,,ST
1172,691,,ST
1458,691,,ST
1581,691,,ST
1669,691,,ST
1758,691,,ST
1846,691,,ST
8,696,,ST
378,696,,ST
467,696,,ST
555,696,,ST
995,696,,ST
1445,696,,ST
1555,696,,ST
1643,696,,ST
1731,696,,ST
1819,696,,ST
1907,696,,ST
356,700,,ST
445,700,,ST
533,700,,ST
1176,700,,ST
1458,700,,ST
1551,700,,ST
1639,700,,ST
1727,700,,ST
1815,700,,ST
1903,700,,ST
348,705,,ST
436,705,,ST
524,705,,ST
1176,705,,ST
1454,705,,ST
1542,705,,ST
1630,705,,ST
1718,705,,ST
1806,705,,ST
1894,705,,ST
321,709,,ST
414,709,,ST
502,709,,ST
987,709,,ST
1423,709,,ST
1511,709,,ST
1599,709,,ST
1687,709,,ST
1775,709,,ST
1863,709,,ST
304,713,,ST
392,713,,ST
480,713,,ST
960,713,,ST
1387,713,,ST
1476,713,,ST
1564,713,,ST
1652,713,,ST
1740,713,,ST
1828,713,,ST
1916,713,,ST
356,718,,ST
445,718,,ST
533,718,,ST
1172,718,,ST
1418,718,,ST
1506,718,,ST
1595,718,,ST
1683,718,,ST
1771,718,,ST
1859,718,,ST
308,722,,ST
396,722,,ST
484,722,,ST
647,722,,ST
1352,722,,ST
1440,722,,ST
1528,722,,ST
1617,722,,ST
1705,722,,ST
1793,722,,ST
1881,722,,ST
339,727,,ST
427,727,,ST
515,727,,ST
960,727,,ST
1374,727,,ST
1462,727,,ST
1551,727,,ST
1639,727,,ST
1727,727,,ST
1815,727,,ST
1903,727,,ST
365,731,,ST
453,731,,ST
541,731,,ST
956,731,,ST
1357,731,,ST
1445,731,,ST
1533,731,,ST
1621,731,,ST
1709,731,,ST
1797,731,,ST
1885,731,,ST
343,735,,ST
431,735,,ST
519,735,,ST
625,735,,ST
982,735,,ST
1361,735,,ST
1449,735,,ST
1537,735,,ST
1625,735,,ST
1714,735,,ST
1802,735,,ST
1890,735,,ST
348,740,,ST
436,740,,ST
524,740,,ST
612,740,,ST
951,740,,ST
1313,740,,ST
1401,740,,ST
1489,740,,ST
1577,740,,ST
1665,740,,ST
1753,740,,ST
1841,740,,ST
299,744,,ST
387,744,,ST
475,744,,ST
564,744,,ST
652,744,,ST
960,744,,ST
1317,744,,ST
1405,744,,ST
1493,744,,ST
1581,744,,ST
1669,744,,ST
1758,744,,ST
1846,744,,ST
312,749,,ST
400,749,,ST
489,749,,ST
577,749,,ST
700,749,,ST
969,749,,ST
1317,749,,ST
1405,749,,ST
1493,749,,ST
1581,749,,ST
1669,749,,ST
1758,749,,ST
1846,749,,ST
312,753,,ST
400,753,,ST
489,753,,ST
577,753,,ST
713,753,,ST
942,753,,ST
1273,753,,ST
1361,753,,ST
1449,753,,ST
1537,753,,ST
1625,753,,ST
1714,753,,ST
1802,753,,ST
1890,753,,ST
361,757,,ST
449,757,,ST
537,757,,ST
625,757,,ST
766,757,,ST
991,757,,ST
1304,757,,ST
1392,757,,ST
1480,757,,ST
1568,757,,ST
1656,757,,ST
1744,757,,ST
1833,757,,ST
304,762,,ST
392,762,,ST
480,762,,ST
568,762,,ST
709,762,,ST
929,762,,ST
1163,762,,ST
1286,762,,ST
1374,762,,ST
1462,762,,ST
1551,762,,ST
1639,762,,ST
1727,762,,ST
1815,762,,ST
1903,762,,ST
374,766,,ST
462,766,,ST
550,766,,ST
691,766,,ST
907,766,,ST
995,766,,ST
1216,766,,ST
1313,766,,ST
1401,766,,ST
1489,766,,ST
1577,766,,ST
1665,766,,ST
1753,766,,ST
1841,766,,ST
312,771,,ST
400,771,,ST
489,771,,ST
577,771,,ST
713,771,,ST
925,771,,ST
1013,771,,ST
1194,771,,ST
1282,771,,ST
1370,771,,ST
1458,771,,ST
1546,771,,ST
1634,771,,ST
1722,771,,ST
1810,771,,ST
1899,771,,ST
400,775,,ST
489,775,,ST
577,775,,ST
713,775,,ST
912,775,,ST
1000,775,,ST
1128,775,,ST
1220,775,,ST
1308,775,,ST
1396,775,,ST
1484,775,,ST
1573,775,,ST
1661,775,,ST
1749,775,,ST
1837,775,,ST
308,779,,ST
436,779,,ST
524,779,,ST
612,779,,ST
744,779,,ST
912,779,,ST
1000,779,,ST
1132,779,,ST
1220,779,,ST
1308,779,,ST
1396,779,,ST
1484,779,,ST
1573,779,,ST
1661,779,,ST
1749,779,,ST
1837,779,,ST
405,784,,ST
493,784,,ST
581,784,,ST
700,784,,ST
828,784,,ST
929,784,,ST
1017,784,,ST
1154,784,,ST
1242,784,,ST
1330,784,,ST
1418,784,,ST
1506,784,,ST
1595,784,,ST
1683,784,,ST
1771,784,,ST
304,788,,ST
431,788,,ST
519,788,,ST
608,788,,ST
709,788,,ST
823,788,,ST
912,788,,ST
1000,788,,ST
1141,788,,ST
1229,788,,ST
1317,788,,ST
1405,788,,ST
1493,788,,ST
1581,788,,ST
1669,788,,ST
1758,788,,ST
295,793,,ST
423,793,,ST
511,793,,ST
599,793,,ST
687,793,,ST
775,793,,ST
876,793,,ST
964,793,,ST
1105,793,,ST
1194,793,,ST
1282,793,,ST
1370,793,,ST
1458,793,,ST
1546,793,,ST
1634,793,,ST
1722,793,,ST
1810,793,,ST
387,797,,ST
475,797,,ST
564,797,,ST
652,797,,ST
740,797,,ST
828,797,,ST
916,797,,ST
1004,797,,ST
1242,797,,ST
1330,797,,ST
1418,797,,ST
1506,797,,ST
1595,797,,ST
1683,797,,ST
1771,797,,ST
308,801,,ST
431,801,,ST
519,801,,ST
608,801,,ST
696,801,,ST
784,801,,ST
872,801,,ST
960,801,,ST
1216,801,,ST
1304,801,,ST
1392,801,,ST
1480,801,,ST
1568,801,,ST
1656,801,,ST
1744,801,,ST
1833,801,,ST
396,806,,ST
484,806,,ST
572,806,,ST
660,806,,ST
749,806,,ST
837,806,,ST
925,806,,ST
1013,806,,ST
1273,806,,ST
1361,806,,ST
1449,806,,ST
1537,806,,ST
1625,806,,ST
1714,806,,ST
1802,806,,ST
343,810,,ST
440,810,,ST
528,810,,ST
616,810,,ST
705,810,,ST
793,810,,ST
881,810,,ST
969,810,,ST
1229,810,,ST
1317,810,,ST
1405,810,,ST
1493,810,,ST
1581,810,,ST
1669,810,,ST
1758,810,,ST
304,815,,ST
392,815,,ST
480,815,,ST
568,815,,ST
656,815,,ST
744,815,,ST
832,815,,ST
920,815,,ST
1009,815,,ST
1264,815,,ST
1352,815,,ST
1440,815,,ST
1573,815,,ST
1661,815,,ST
1749,815,,ST
1837,815,,ST
387,819,,ST
475,819,,ST
564,819,,ST
652,819,,ST
740,819,,ST
828,819,,ST
916,819,,ST
1004,819,,ST
1242,819,,ST
1330,819,,ST
1418,819,,ST
1551,819,,ST
1639,819,,ST
1727,819,,ST
1815,819,,ST
370,823,,ST
458,823,,ST
546,823,,ST
634,823,,ST
722,823,,ST
810,823,,ST
898,823,,ST
987,823,,ST
1220,823,,ST
1308,823,,ST
1396,823,,ST
1528,823,,ST
1617,823,,ST
1705,823,,ST
1793,823,,ST
352,828,,ST
440,828,,ST
528,828,,ST
616,828,,ST
705,828,,ST
793,828,,ST
881,828,,ST
969,828,,ST
1057,828,,ST
1295,828,,ST
1383,828,,ST
1515,828,,ST
1603,828,,ST
1692,828,,ST
1780,828,,ST
339,832,,ST
427,832,,ST
515,832,,ST
603,832,,ST
691,832,,ST
779,832,,ST
868,832,,ST
956,832,,ST
1044,832,,ST
1277,832,,ST
1365,832,,ST
1498,832,,ST
1586,832,,ST
1674,832,,ST
1797,832,,ST
361,837,,ST
449,837,,ST
537,837,,ST
625,837,,ST
713,837,,ST
801,837,,ST
890,837,,ST
978,837,,ST
1066,837,,ST
1291,837,,ST
1379,837,,ST
1511,837,,ST
1599,837,,ST
1687,837,,ST
1810,837,,ST
374,841,,ST
462,841,,ST
550,841,,ST
638,841,,ST
727,841,,ST
815,841,,ST
903,841,,ST
991,841,,ST
1079,841,,ST
1291,841,,ST
1379,841,,ST
1537,841,,ST
1625,841,,ST
1753,841,,ST
321,846,,ST
409,846,,ST
497,846,,ST
586,846,,ST
674,846,,ST
762,846,,ST
850,846,,ST
938,846,,ST
1026,846,,ST
1238,846,,ST
1326,846,,ST
1476,846,,ST
1564,846,,ST
1652,846,,ST
1780,846,,ST
348,850,,ST
436,850,,ST
572,850,,ST
660,850,,ST
749,850,,ST
837,850,,ST
925,850,,ST
1013,850,,ST
1224,850,,ST
1313,850,,ST
1445,850,,ST
1533,850,,ST
1621,850,,ST
1749,850,,ST
1837,850,,ST
405,854,,ST
546,854,,ST
634,854,,ST
762,854,,ST
850,854,,ST
938,854,,ST
1026,854,,ST
1233,854,,ST
1321,854,,ST
1454,854,,ST
1542,854,,ST
1630,854,,ST
1758,854,,ST
326,859,,ST
414,859,,ST
555,859,,ST
643,859,,ST
775,859,,ST
863,859,,ST
951,859,,ST
1039,859,,ST
1242,859,,ST
1330,859,,ST
1462,859,,ST
1551,859,,ST
1639,859,,ST
1762,859,,ST
396,863,,ST
537,863,,ST
625,863,,ST
757,863,,ST
846,863,,ST
934,863,,ST
1022,863,,ST
1224,863,,ST
1313,863,,ST
1445,863,,ST
1533,863,,ST
1621,863,,ST
1731,863,,ST
1819,863,,ST
462,868,,ST
603,868,,ST
735,868,,ST
823,868,,ST
912,868,,ST
1000,868,,ST
1088,868,,ST
1286,868,,ST
1374,868,,ST
1506,868,,ST
1595,868,,ST
1683,868,,ST
1780,868,,ST
453,872,,ST
594,872,,ST
727,872,,ST
815,872,,ST
903,872,,ST
991,872,,ST
1079,872,,ST
1264,872,,ST
1352,872,,ST
1471,872,,ST
1559,872,,ST
1647,872,,ST
1736,872,,ST
1824,872,,ST
577,876,,ST
705,876,,ST
793,876,,ST
881,876,,ST
969,876,,ST
1057,876,,ST
1224,876,,ST
1313,876,,ST
1418,876,,ST
1506,876,,ST
1595,876,,ST
1683,876,,ST
1771,876,,ST
484,881,,ST
608,881,,ST
722,881,,ST
810,881,,ST
898,881,,ST
987,881,,ST
1075,881,,ST
1198,881,,ST
1286,881,,ST
1374,881,,ST
1462,881,,ST
1551,881,,ST
1639,881,,ST
1727,881,,ST
1815,881,,ST
546,885,,ST
634,885,,ST
735,885,,ST
823,885,,ST
912,885,,ST
1000,885,,ST
1088,885,,ST
1185,885,,ST
1273,885,,ST
1361,885,,ST
1449,885,,ST
1537,885,,ST
1625,885,,ST
1714,885,,ST
1802,885,,ST
515,890,,ST
603,890,,ST
691,890,,ST
779,890,,ST
868,890,,ST
956,890,,ST
1044,890,,ST
1132,890,,ST
1220,890,,ST
1308,890,,ST
1396,890,,ST
1524,890,,ST
1612,890,,ST
1700,890,,ST
1788,890,,ST
502,894,,ST
590,894,,ST
678,894,,ST
766,894,,ST
854,894,,ST
942,894,,ST
1031,894,,ST
1119,894,,ST
1207,894,,ST
1295,894,,ST
1383,894,,ST
1515,894,,ST
1603,894,,ST
1692,894,,ST
1780,894,,ST
502,898,,ST
590,898,,ST
678,898,,ST
766,898,,ST
854,898,,ST
942,898,,ST
1031,898,,ST
1119,898,,ST
1207,898,,ST
1295,898,,ST
1383,898,,ST
1515,898,,ST
1603,898,,ST
1692,898,,ST
1780,898,,ST
493,903,,ST
581,903,,ST
669,903,,ST
757,903,,ST
846,903,,ST
934,903,,ST
1022,903,,ST
1110,903,,ST
1198,903,,ST
1286,903,,ST
1374,903,,ST
1462,903,,ST
1595,903,,ST
1683,903,,ST
1771,903,,ST
1859,903,,ST
568,907,,ST
656,907,,ST
744,907,,ST
832,907,,ST
920,907,,ST
1009,907,,ST
1097,907,,ST
1185,907,,ST
1273,907,,ST
1361,907,,ST
1449,907,,ST
1581,907,,ST
1669,907,,ST
1758,907,,ST
1846,907,,ST
546,912,,ST
634,912,,ST
722,912,,ST
810,912,,ST
898,912,,ST
987,912,,ST
1075,912,,ST
1163,912,,ST
1251,912,,ST
1339,912,,ST
1427,912,,ST
1555,912,,ST
1643,912,,ST
1731,912,,ST
1819,912,,ST
524,916,,ST
612,916,,ST
700,916,,ST
788,916,,ST
876,916,,ST
964,916,,ST
1053,916,,ST
1141,916,,ST
1229,916,,ST
1317,916,,ST
1405,916,,ST
1528,916,,ST
1617,916,,ST
1705,916,,ST
1793,916,,ST
502,920,,ST
590,920,,ST
678,920,,ST
766,920,,ST
854,920,,ST
942,920,,ST
1031,920,,ST
1119,920,,ST
1207,920,,ST
1295,920,,ST
1383,920,,ST
1471,920,,ST
1581,920,,ST
1669,920,,ST
1758,920,,ST
1846,920,,ST
555,925,,ST
643,925,,ST
731,925,,ST
819,925,,ST
907,925,,ST
995,925,,ST
1083,925,,ST
1172,925,,ST
1260,925,,ST
1348,925,,ST
1436,925,,ST
1528,925,,ST
1617,925,,ST
1705,925,,ST
1793,925,,ST
502,929,,ST
590,929,,ST
678,929,,ST
766,929,,ST
854,929,,ST
942,929,,ST
1031,929,,ST
1119,929,,ST
1207,929,,ST
1295,929,,ST
1383,929,,ST
1471,929,,ST
1559,929,,ST
1647,929,,ST
1736,929,,ST
1824,929,,ST
528,934,,ST
616,934,,ST
705,934,,ST
793,934,,ST
881,934,,ST
969,934,,ST
1057,934,,ST
1145,934,,ST
1233,934,,ST
1321,934,,ST
1410,934,,ST
1498,934,,ST
1586,934,,ST
1674,934,,ST
1762,934,,ST
1850,934,,ST
590,938,,ST
678,938,,ST
766,938,,ST
854,938,,ST
942,938,,ST
1031,938,,ST
1119,938,,ST
1207,938,,ST
1295,938,,ST
1383,938,,ST
1471,938,,ST
1559,938,,ST
1647,938,,ST
1736,938,,ST
1824,938,,ST
568,942,,ST
656,942,,ST
744,942,,ST
832,942,,ST
951,942,,ST
1039,942,,ST
1128,942,,ST
1216,942,,ST
1304,942,,ST
1392,942,,ST
1480,942,,ST
1568,942,,ST
1656,942,,ST
1744,942,,ST
1833,942,,ST
577,947,,ST
665,947,,ST
753,947,,ST
841,947,,ST
969,947,,ST
1057,947,,ST
1145,947,,ST
1233,947,,ST
1321,947,,ST
1410,947,,ST
1498,947,,ST
1586,947,,ST
1674,947,,ST
1762,947,,ST
1850,947,,ST
594,951,,ST
682,951,,ST
771,951,,ST
859,951,,ST
995,951,,ST
1083,951,,ST
1172,951,,ST
1260,951,,ST
1348,951,,ST
1436,951,,ST
1524,951,,ST
1612,951,,ST
1700,951,,ST
1788,951,,ST
1877,951,,ST
621,956,,ST
709,956,,ST
797,956,,ST
885,956,,ST
1022,956,,ST
1110,956,,ST
1198,956,,ST
1286,956,,ST
1374,956,,ST
1462,956,,ST
1551,956,,ST
1639,956,,ST
1727,956,,ST
1815,956,,ST
559,960,,ST
647,960,,ST
735,960,,ST
823,960,,ST
960,960,,ST
1048,960,,ST
1136,960,,ST
1224,960,,ST
1313,960,,ST
1401,960,,ST
1489,960,,ST
1577,960,,ST
1665,960,,ST
1753,960,,ST
1841,960,,ST
568,964,,ST
656,964,,ST
744,964,,ST
832,964,,ST
969,964,,ST
1057,964,,ST
1145,964,,ST
1233,964,,ST
1352,964,,ST
1440,964,,ST
1528,964,,ST
1617,964,,ST
1705,964,,ST
1793,964,,ST
1881,964,,ST
572,969,,ST
660,969,,ST
749,969,,ST
837,969,,ST
969,969,,ST
1057,969,,ST
1145,969,,ST
1233,969,,ST
1361,969,,ST
1449,969,,ST
1537,969,,ST
1625,969,,ST
1714,969,,ST
1802,969,,ST
361,973,,ST
546,973,,ST
634,973,,ST
722,973,,ST
810,973,,ST
934,973,,ST
1022,973,,ST
1110,973,,ST
1198,973,,ST
1330,973,,ST
1418,973,,ST
1506,973,,ST
1625,973,,ST
1714,973,,ST
1833,973,,ST
400,978,,ST
559,978,,ST
647,978,,ST
735,978,,ST
823,978,,ST
934,978,,ST
1022,978,,ST
1110,978,,ST
1229,978,,ST
1361,978,,ST
1449,978,,ST
1537,978,,ST
1661,978,,ST
1749,978,,ST
356,982,,ST
480,982,,ST
568,982,,ST
656,982,,ST
744,982,,ST
832,982,,ST
925,982,,ST
1013,982,,ST
1101,982,,ST
1233,982,,ST
1365,982,,ST
1454,982,,ST
1542,982,,ST
1674,982,,ST
1762,982,,ST
374,987,,ST
471,987,,ST
559,987,,ST
647,987,,ST
735,987,,ST
823,987,,ST
912,987,,ST
1000,987,,ST
1088,987,,ST
1220,987,,ST
1352,987,,ST
1440,987,,ST
1528,987,,ST
1661,987,,ST
1749,987,,ST
365,991,,ST
453,991,,ST
541,991,,ST
660,991,,ST
749,991,,ST
837,991,,ST
925,991,,ST
1013,991,,ST
1101,991,,ST
1233,991,,ST
1361,991,,ST
1449,991,,ST
1537,991,,ST
1669,991,,ST
1758,991,,ST
378,995,,ST
467,995,,ST
555,995,,ST
678,995,,ST
766,995,,ST
854,995,,ST
942,995,,ST
1031,995,,ST
1119,995,,ST
1251,995,,ST
1370,995,,ST
1458,995,,ST
1546,995,,ST
1678,995,,ST
1766,995,,ST
387,1000,,ST
475,1000,,ST
564,1000,,ST
696,1000,,ST
784,1000,,ST
872,1000,,ST
1017,1000,,ST
1105,1000,,ST
1238,1000,,ST
1343,1000,,ST
1432,1000,,ST
1520,1000,,ST
1652,1000,,ST
1740,1000,,ST
365,1004,,ST
453,1004,,ST
541,1004,,ST
682,1004,,ST
771,1004,,ST
859,1004,,ST
1013,1004,,ST
1101,1004,,ST
1229,1004,,ST
1321,1004,,ST
1410,1004,,ST
1498,1004,,ST
1621,1004,,ST
1709,1004,,ST
1841,1004,,ST
423,1009,,ST
511,1009,,ST
599,1009,,ST
740,1009,,ST
828,1009,,ST
982,1009,,ST
1070,1009,,ST
1185,1009,,ST
1273,1009,,ST
1361,1009,,ST
1449,1009,,ST
1537,1009,,ST
1647,1009,,ST
1736,1009,,ST
356,1013,,ST
445,1013,,ST
533,1013,,ST
674,1013,,ST
762,1013,,ST
850,1013,,ST
1004,1013,,ST
1092,1013,,ST
1194,1013,,ST
1282,1013,,ST
1370,1013,,ST
1458,1013,,ST
1546,1013,,ST
1639,1013,,ST
1727,1013,,ST
1841,1013,,ST
427,1017,,ST
515,1017,,ST
603,1017,,ST
744,1017,,ST
832,1017,,ST
987,1017,,ST
1075,1017,,ST
1163,1017,,ST
1251,1017,,ST
1339,1017,,ST
1427,1017,,ST
1515,1017,,ST
1603,1017,,ST
1692,1017,,ST
1824,1017,,ST
414,1022,,ST
502,1022,,ST
590,1022,,ST
731,1022,,ST
819,1022,,ST
964,1022,,ST
1053,1022,,ST
1141,1022,,ST
1229,1022,,ST
1317,1022,,ST
1405,1022,,ST
1493,1022,,ST
1581,1022,,ST
1669,1022,,ST
378,1026,,ST
467,1026,,ST
555,1026,,ST
691,1026,,ST
779,1026,,ST
868,1026,,ST
1000,1026,,ST
1088,1026,,ST
1176,1026,,ST
1264,1026,,ST
1352,1026,,ST
1440,1026,,ST
1528,1026,,ST
1617,1026,,ST
1788,1026,,ST
436,1031,,ST
524,1031,,ST
612,1031,,ST
735,1031,,ST
823,1031,,ST
925,1031,,ST
1013,1031,,ST
1101,1031,,ST
1189,1031,,ST
1277,1031,,ST
1365,1031,,ST
1454,1031,,ST
1542,1031,,ST
1630,1031,,ST
378,1035,,ST
467,1035,,ST
555,1035,,ST
652,1035,,ST
740,1035,,ST
828,1035,,ST
916,1035,,ST
1004,1035,,ST
1092,1035,,ST
1180,1035,,ST
1269,1035,,ST
1357,1035,,ST
1445,1035,,ST
1533,1035,,ST
1621,1035,,ST
374,1039,,ST
462,1039,,ST
550,1039,,ST
638,1039,,ST
727,1039,,ST
815,1039,,ST
947,1039,,ST
1035,1039,,ST
1123,1039,,ST
1211,1039,,ST
1299,1039,,ST
1387,1039,,ST
1476,1039,,ST
1564,1039,,ST
1652,1039,,ST
409,1044,,ST
497,1044,,ST
586,1044,,ST
674,1044,,ST
762,1044,,ST
850,1044,,ST
987,1044,,ST
1075,1044,,ST
1163,1044,,ST
1251,1044,,ST
1339,1044,,ST
1427,1044,,ST
1515,1044,,ST
1603,1044,,ST
1780,1044,,ST
445,1048,,ST
533,1048,,ST
621,1048,,ST
709,1048,,ST
797,1048,,ST
885,1048,,ST
1022,1048,,ST
1110,1048,,ST
1198,1048,,ST
1286,1048,,ST
1374,1048,,ST
1462,1048,,ST
1551,1048,,ST
1639,1048,,ST
387,1053,,ST
475,1053,,ST
564,1053,,ST
652,1053,,ST
740,1053,,ST
828,1053,,ST
964,1053,,ST
1105,1053,,ST
1194,1053,,ST
1282,1053,,ST
1370,1053,,ST
1458,1053,,ST
1546,1053,,ST
1634,1053,,ST
1784,1053,,ST
449,1057,,ST
537,1057,,ST
625,1057,,ST
713,1057,,ST
801,1057,,ST
890,1057,,ST
1079,1057,,ST
1167,1057,,ST
1255,1057,,ST
1343,1057,,ST
1432,1057,,ST
1520,1057,,ST
1608,1057,,ST
1722,1057,,ST
396,1061,,ST
484,1061,,ST
572,1061,,ST
705,1061,,ST
793,1061,,ST
881,1061,,ST
1013,1061,,ST
1154,1061,,ST
1299,1061,,ST
1387,1061,,ST
1476,1061,,ST
1564,1061,,ST
1652,1061,,ST
1753,1061,,ST
414,1066,,ST
502,1066,,ST
590,1066,,ST
762,1066,,ST
850,1066,,ST
982,1066,,ST
1123,1066,,ST
1277,1066,,ST
1365,1066,,ST
1454,1066,,ST
1542,1066,,ST
1630,1066,,ST
1718,1066,,ST
1806,1066,,ST
471,1070,,ST
559,1070,,ST
731,1070,,ST
819,1070,,ST
907,1070,,ST
1079,1070,,ST
1167,1070,,ST
1343,1070,,ST
1432,1070,,ST
1520,1070,,ST
1608,1070,,ST
1696,1070,,ST
396,1075,,ST
484,1075,,ST
572,1075,,ST
744,1075,,ST
832,1075,,ST
934,1075,,ST
1066,1075,,ST
1154,1075,,ST
1335,1075,,ST
1423,1075,,ST
1511,1075,,ST
1599,1075,,ST
1687,1075,,ST
392,1079,,ST
480,1079,,ST
568,1079,,ST
740,1079,,ST
828,1079,,ST
916,1079,,ST
1004,1079,,ST
1123,1079,,ST
1361,1079,,ST
1449,1079,,ST
1537,1079,,ST
1625,1079,,ST
1714,1079,,ST
431,1083,,ST
519,1083,,ST
687,1083,,ST
775,1083,,ST
907,1083,,ST
995,1083,,ST
1088,1083,,ST
1330,1083,,ST
1418,1083,,ST
1506,1083,,ST
1595,1083,,ST
1683,1083,,ST
405,1088,,ST
493,1088,,ST
581,1088,,ST
740,1088,,ST
828,1088,,ST
960,1088,,ST
1048,1088,,ST
1136,1088,,ST
1383,1088,,ST
1471,1088,,ST
1559,1088,,ST
1647,1088,,ST
1775,1088,,ST
467,1092,,ST
555,1092,,ST
705,1092,,ST
793,1092,,ST
925,1092,,ST
1013,1092,,ST
1101,1092,,ST
1352,1092,,ST
1440,1092,,ST
1528,1092,,ST
1617,1092,,ST
1705,1092,,ST
440,1097,,ST
528,1097,,ST
665,1097,,ST
753,1097,,ST
885,1097,,ST
973,1097,,ST
1061,1097,,ST
1150,1097,,ST
1405,1097,,ST
1493,1097,,ST
1581,1097,,ST
1669,1097,,ST
405,1101,,ST
493,1101,,ST
581,1101,,ST
691,1101,,ST
779,1101,,ST
912,1101,,ST
1000,1101,,ST
1088,1101,,ST
1343,1101,,ST
1432,1101,,ST
1520,1101,,ST
1608,1101,,ST
1696,1101,,ST
436,1105,,ST
524,1105,,ST
612,1105,,ST
700,1105,,ST
788,1105,,ST
920,1105,,ST
1009,1105,,ST
1097,1105,,ST
1348,1105,,ST
1436,1105,,ST
1524,1105,,ST
1612,1105,,ST
1700,1105,,ST
440,1110,,ST
528,1110,,ST
616,1110,,ST
705,1110,,ST
793,1110,,ST
925,1110,,ST
1013,1110,,ST
1101,1110,,ST
1348,1110,,ST
1436,1110,,ST
1524,1110,,ST
1612,1110,,ST
1700,1110,,ST
440,1114,,ST
528,1114,,ST
616,1114,,ST
705,1114,,ST
793,1114,,ST
916,1114,,ST
1004,1114,,ST
1092,1114,,ST
1335,1114,,ST
1423,1114,,ST
1511,1114,,ST
1599,1114,,ST
1687,1114,,ST
414,1119,,ST
541,1119,,ST
630,1119,,ST
718,1119,,ST
806,1119,,ST
916,1119,,ST
1004,1119,,ST
1092,1119,,ST
1299,1119,,ST
1405,1119,,ST
1493,1119,,ST
1581,1119,,ST
1669,1119,,ST
1766,1119,,ST
519,1123,,ST
608,1123,,ST
696,1123,,ST
784,1123,,ST
881,1123,,ST
969,1123,,ST
1057,1123,,ST
1145,1123,,ST
1357,1123,,ST
1445,1123,,ST
1533,1123,,ST
1621,1123,,ST
1709,1123,,ST
423,1128,,ST
555,1128,,ST
643,1128,,ST
731,1128,,ST
850,1128,,ST
938,1128,,ST
1026,1128,,ST
1114,1128,,ST
1321,1128,,ST
1410,1128,,ST
1498,1128,,ST
1586,1128,,ST
1674,1128,,ST
1762,1128,,ST
537,1132,,ST
625,1132,,ST
713,1132,,ST
846,1132,,ST
934,1132,,ST
1022,1132,,ST
1141,1132,,ST
1343,1132,,ST
1432,1132,,ST
1520,1132,,ST
1608,1132,,ST
1696,1132,,ST
493,1136,,ST
581,1136,,ST
669,1136,,ST
757,1136,,ST
894,1136,,ST
982,1136,,ST
1114,1136,,ST
1317,1136,,ST
1405,1136,,ST
1493,1136,,ST
1581,1136,,ST
1669,1136,,ST
427,1141,,ST
559,1141,,ST
647,1141,,ST
735,1141,,ST
872,1141,,ST
960,1141,,ST
1048,1141,,ST
1277,1141,,ST
1365,1141,,ST
1454,1141,,ST
1542,1141,,ST
1630,1141,,ST
1718,1141,,ST
519,1145,,ST
608,1145,,ST
696,1145,,ST
784,1145,,ST
920,1145,,ST
1009,1145,,ST
1141,1145,,ST
1313,1145,,ST
1401,1145,,ST
1489,1145,,ST
1577,1145,,ST
1665,1145,,ST
431,1150,,ST
555,1150,,ST
643,1150,,ST
731,1150,,ST
868,1150,,ST
956,1150,,ST
1044,1150,,ST
1176,1150,,ST
1343,1150,,ST
1432,1150,,ST
1520,1150,,ST
1608,1150,,ST
1696,1150,,ST
489,1154,,ST
577,1154,,ST
665,1154,,ST
753,1154,,ST
885,1154,,ST
973,1154,,ST
1061,1154,,ST
1260,1154,,ST
1348,1154,,ST
1436,1154,,ST
1524,1154,,ST
1612,1154,,ST
1700,1154,,ST
489,1158,,ST
577,1158,,ST
665,1158,,ST
753,1158,,ST
876,1158,,ST
964,1158,,ST
1053,1158,,ST
1229,1158,,ST
1321,1158,,ST
1410,1158,,ST
1498,1158,,ST
1586,1158,,ST
1674,1158,,ST
462,1163,,ST
550,1163,,ST
638,1163,,ST
727,1163,,ST
837,1163,,ST
925,1163,,ST
1013,1163,,ST
1128,1163,,ST
1260,1163,,ST
1348,1163,,ST
1436,1163,,ST
1524,1163,,ST
1612,1163,,ST
1700,1163,,ST
506,1167,,ST
594,1167,,ST
682,1167,,ST
771,1167,,ST
868,1167,,ST
956,1167,,ST
1044,1167,,ST
1141,1167,,ST
1273,1167,,ST
1361,1167,,ST
1449,1167,,ST
1537,1167,,ST
1625,1167,,ST
1714,1167,,ST
559,1172,,ST
647,1172,,ST
735,1172,,ST
823,1172,,ST
912,1172,,ST
1000,1172,,ST
1088,1172,,ST
1176,1172,,ST
1308,1172,,ST
1396,1172,,ST
1484,1172,,ST
1573,1172,,ST
1661,1172,,ST
471,1176,,ST
599,1176,,ST
687,1176,,ST
775,1176,,ST
863,1176,,ST
951,1176,,ST
1039,1176,,ST
1128,1176,,ST
1255,1176,,ST
1343,1176,,ST
1432,1176,,ST
1520,1176,,ST
1608,1176,,ST
1696,1176,,ST
559,1180,,ST
647,1180,,ST
815,1180,,ST
903,1180,,ST
991,1180,,ST
1079,1180,,ST
1167,1180,,ST
1291,1180,,ST
1379,1180,,ST
1467,1180,,ST
1555,1180,,ST
1643,1180,,ST
1731,1180,,ST
594,1185,,ST
801,1185,,ST
890,1185,,ST
978,1185,,ST
1066,1185,,ST
1154,1185,,ST
1264,1185,,ST
1352,1185,,ST
1440,1185,,ST
1528,1185,,ST
1617,1185,,ST
1705,1185,,ST
572,1189,,ST
660,1189,,ST
868,1189,,ST
956,1189,,ST
1044,1189,,ST
1132,1189,,ST
1224,1189,,ST
1313,1189,,ST
1401,1189,,ST
1489,1189,,ST
1577,1189,,ST
1665,1189,,ST
489,1194,,ST
621,1194,,ST
832,1194,,ST
920,1194,,ST
1009,1194,,ST
1097,1194,,ST
1216,1194,,ST
1304,1194,,ST
1392,1194,,ST
1480,1194,,ST
1568,1194,,ST
1656,1194,,ST
484,1198,,ST
612,1198,,ST
890,1198,,ST
978,1198,,ST
1066,1198,,ST
1154,1198,,ST
1286,1198,,ST
1374,1198,,ST
1462,1198,,ST
1551,1198,,ST
1639,1198,,ST
1727,1198,,ST
590,1202,,ST
872,1202,,ST
960,1202,,ST
1048,1202,,ST
1136,1202,,ST
1273,1202,,ST
1361,1202,,ST
1449,1202,,ST
1537,1202,,ST
1625,1202,,ST
1714,1202,,ST
586,1207,,ST
674,1207,,ST
973,1207,,ST
1061,1207,,ST
1150,1207,,ST
1286,1207,,ST
1374,1207,,ST
1462,1207,,ST
1551,1207,,ST
1639,1207,,ST
1727,1207,,ST
594,1211,,ST
898,1211,,ST
987,1211,,ST
1075,1211,,ST
1211,1211,,ST
1299,1211,,ST
1387,1211,,ST
1476,1211,,ST
1564,1211,,ST
1652,1211,,ST
1740,1211,,ST
599,1216,,ST
907,1216,,ST
995,1216,,ST
1083,1216,,ST
1220,1216,,ST
1308,1216,,ST
1396,1216,,ST
1484,1216,,ST
1573,1216,,ST
1661,1216,,ST
524,1220,,ST
612,1220,,ST
920,1220,,ST
1009,1220,,ST
1097,1220,,ST
1260,1220,,ST
1348,1220,,ST
1436,1220,,ST
1524,1220,,ST
1612,1220,,ST
1700,1220,,ST
564,1224,,ST
652,1224,,ST
964,1224,,ST
1053,1224,,ST
1141,1224,,ST
1299,1224,,ST
1387,1224,,ST
1476,1224,,ST
1564,1224,,ST
1652,1224,,ST
1740,1224,,ST
603,1229,,ST
916,1229,,ST
1048,1229,,ST
1136,1229,,ST
1282,1229,,ST
1370,1229,,ST
1458,1229,,ST
1546,1229,,ST
1634,1229,,ST
1722,1229,,ST
590,1233,,ST
912,1233,,ST
1044,1233,,ST
1132,1233,,ST
1264,1233,,ST
1352,1233,,ST
1440,1233,,ST
1528,1233,,ST
1617,1233,,ST
1705,1233,,ST
590,1238,,ST
916,1238,,ST
1048,1238,,ST
1136,1238,,ST
1264,1238,,ST
1352,1238,,ST
1440,1238,,ST
1528,1238,,ST
1617,1238,,ST
1705,1238,,ST
586,1242,,ST
674,1242,,ST
1053,1242,,ST
1141,1242,,ST
1269,1242,,ST
1357,1242,,ST
1445,1242,,ST
1533,1242,,ST
1621,1242,,ST
1709,1242,,ST
581,1246,,ST
669,1246,,ST
1128,1246,,ST
1216,1246,,ST
1339,1246,,ST
1427,1246,,ST
1515,1246,,ST
1603,1246,,ST
1692,1246,,ST
1929,1246,,ST
630,1251,,ST
1088,1251,,ST
1176,1251,,ST
1286,1251,,ST
1374,1251,,ST
1462,1251,,ST
1551,1251,,ST
1639,1251,,ST
1846,1251,,ST
555,1255,,ST
643,1255,,ST
1097,1255,,ST
1185,1255,,ST
1282,1255,,ST
1370,1255,,ST
1458,1255,,ST
1577,1255,,ST
1665,1255,,ST
1894,1255,,ST
621,1260,,ST
1070,1260,,ST
1158,1260,,ST
1246,1260,,ST
1335,1260,,ST
1423,1260,,ST
1555,1260,,ST
1643,1260,,ST
572,1264,,ST
660,1264,,ST
1110,1264,,ST
1198,1264,,ST
1286,1264,,ST
1374,1264,,ST
1506,1264,,ST
1595,1264,,ST
568,1269,,ST
656,1269,,ST
1079,1269,,ST
1167,1269,,ST
1255,1269,,ST
1343,1269,,ST
1432,1269,,ST
1564,1269,,ST
1872,1269,,ST
656,1273,,ST
964,1273,,ST
1150,1273,,ST
1238,1273,,ST
1326,1273,,ST
1414,1273,,ST
1546,1273,,ST
396,1277,,ST
665,1277,,ST
951,1277,,ST
1136,1277,,ST
1224,1277,,ST
1313,1277,,ST
1401,1277,,ST
1533,1277,,ST
1863,1277,,ST
660,1282,,ST
749,1282,,ST
1110,1282,,ST
1198,1282,,ST
1286,1282,,ST
1374,1282,,ST
1462,1282,,ST
1590,1282,,ST
643,1286,,ST
731,1286,,ST
1088,1286,,ST
1176,1286,,ST
1264,1286,,ST
1352,1286,,ST
1440,1286,,ST
1559,1286,,ST
612,1291,,ST
700,1291,,ST
960,1291,,ST
1145,1291,,ST
1233,1291,,ST
1321,1291,,ST
1410,1291,,ST
1515,1291,,ST
1603,1291,,ST
665,1295,,ST
753,1295,,ST
1110,1295,,ST
1198,1295,,ST
1286,1295,,ST
1374,1295,,ST
1462,1295,,ST
1555,1295,,ST
643,1299,,ST
731,1299,,ST
1075,1299,,ST
1163,1299,,ST
1251,1299,,ST
1339,1299,,ST
1427,1299,,ST
1515,1299,,ST
638,1304,,ST
727,1304,,ST
1066,1304,,ST
1154,1304,,ST
1242,1304,,ST
1330,1304,,ST
1418,1304,,ST
1506,1304,,ST
634,1308,,ST
722,1308,,ST
810,1308,,ST
1141,1308,,ST
1229,1308,,ST
1317,1308,,ST
1405,1308,,ST
1493,1308,,ST
634,1313,,ST
722,1313,,ST
810,1313,,ST
1141,1313,,ST
1229,1313,,ST
1317,1313,,ST
1436,1313,,ST
1524,1313,,ST
674,1317,,ST
762,1317,,ST
1083,1317,,ST
1172,1317,,ST
1260,1317,,ST
1348,1317,,ST
1471,1317,,ST
1559,1317,,ST
718,1321,,ST
806,1321,,ST
1123,1321,,ST
1211,1321,,ST
1299,1321,,ST
1427,1321,,ST
1515,1321,,ST
687,1326,,ST
775,1326,,ST
1066,1326,,ST
1242,1326,,ST
1330,1326,,ST
1458,1326,,ST
1546,1326,,ST
718,1330,,ST
806,1330,,ST
1066,1330,,ST
1260,1330,,ST
1348,1330,,ST
1476,1330,,ST
656,1335,,ST
744,1335,,ST
832,1335,,ST
973,1335,,ST
1242,1335,,ST
1330,1335,,ST
1458,1335,,ST
1546,1335,,ST
727,1339,,ST
815,1339,,ST
903,1339,,ST
995,1339,,ST
1238,1339,,ST
1326,1339,,ST
1454,1339,,ST
1542,1339,,ST
731,1343,,ST
819,1343,,ST
907,1343,,ST
995,1343,,ST
1097,1343,,ST
1304,1343,,ST
1432,1343,,ST
1520,1343,,ST
709,1348,,ST
797,1348,,ST
885,1348,,ST
973,1348,,ST
1061,1348,,ST
1269,1348,,ST
1357,1348,,ST
1476,1348,,ST
691,1352,,ST
779,1352,,ST
868,1352,,ST
956,1352,,ST
1044,1352,,ST
1255,1352,,ST
1343,1352,,ST
1449,1352,,ST
700,1357,,ST
788,1357,,ST
876,1357,,ST
964,1357,,ST
1053,1357,,ST
1264,1357,,ST
1352,1357,,ST
1445,1357,,ST
735,1361,,ST
823,1361,,ST
912,1361,,ST
1000,1361,,ST
1088,1361,,ST
1299,1361,,ST
1387,1361,,ST
718,1365,,ST
806,1365,,ST
894,1365,,ST
1013,1365,,ST
1101,1365,,ST
1313,1365,,ST
1401,1365,,ST
771,1370,,ST
859,1370,,ST
995,1370,,ST
1083,1370,,ST
1295,1370,,ST
1383,1370,,ST
775,1374,,ST
863,1374,,ST
1004,1374,,ST
1092,1374,,ST
1304,1374,,ST
1392,1374,,ST
806,1379,,ST
894,1379,,ST
1035,1379,,ST
1242,1379,,ST
1330,1379,,ST
753,1383,,ST
841,1383,,ST
929,1383,,ST
1070,1383,,ST
1277,1383,,ST
1365,1383,,ST
801,1387,,ST
890,1387,,ST
1031,1387,,ST
1119,1387,,ST
1321,1387,,ST
784,1392,,ST
872,1392,,ST
1009,1392,,ST
1097,1392,,ST
1299,1392,,ST
775,1396,,ST
863,1396,,ST
987,1396,,ST
1075,1396,,ST
1260,1396,,ST
1348,1396,,ST
832,1401,,ST
920,1401,,ST
1031,1401,,ST
1119,1401,,ST
1291,1401,,ST
775,1405,,ST
863,1405,,ST
951,1405,,ST
1048,1405,,ST
1136,1405,,ST
1304,1405,,ST
797,1410,,ST
885,1410,,ST
973,1410,,ST
1061,1410,,ST
1150,1410,,ST
1291,1410,,ST
784,1414,,ST
872,1414,,ST
960,1414,,ST
1048,1414,,ST
1136,1414,,ST
1238,1414,,ST
1326,1414,,ST
823,1418,,ST
912,1418,,ST
1000,1418,,ST
1088,1418,,ST
1176,1418,,ST
1264,1418,,ST
1352,1418,,ST
850,1423,,ST
938,1423,,ST
1026,1423,,ST
1114,1423,,ST
1202,1423,,ST
1291,1423,,ST
784,1427,,ST
872,1427,,ST
960,1427,,ST
1048,1427,,ST
1136,1427,,ST
1224,1427,,ST
1313,1427,,ST
797,1432,,ST
885,1432,,ST
973,1432,,ST
1061,1432,,ST
1150,1432,,ST
1238,1432,,ST
1326,1432,,ST
